ID Number,Site Name,Mobile Number,Address,Firm Name,Party Print Name,Sales Man Name,Item Group,Order Value,Item Name,Item Qty,Tank Type,Tank Qty,Remark
00037/26-27,Aira by Orchid Hotel,9090953113,"A/19, Cuttack Puri Road  IRA by Orchid
Cuttack Road Bhubaneswar
Odisha  751006 
Odisha - 751006 
India",Insiya Trading,ILEX DEVELOPERS & RESORTS LIMITED,ASHFAQUE INAMDAR,Boom Barrier,,Boom Barrier IZ 2001,2,,,
00004/26-27,Ashtavinayak Acres,9511678279,"Narayangaon tal junnar dist pune 
Pune, Maharashtra 
India",Insiya Trading,Ashtavinayak Acres,SAGAR PHARATE,Boom Barrier,45000,Boom Barrier IZ 2001,1,,,
00028/26-27,AVTECH SOLUTIONS,,"Survey Number 74/2, Shop No. 03 Ground Floor Kalpvruksh
Link Road Mumbai Highway Pune
Maharashtra  411041 
Maharashtra - 411041 
India",Insiya Trading,AVTECH SOLUTIONS,SAGAR PHARATE,Boom Barrier,,SMPS for Boom barrier,1,,,
00029/24-25,FEDERATION OF MANTRA MOMENTS COOPERATIVE HOUSING SOCIETY LTD,8530833321,"Gat No. 167 & 168, Borhadewadi-Moshi, Near Modern College
Dehu-Alandi Road, Tal. Haveli, Dist. Pune 410501 
Pune, Maharashtra 
India",Insiya Trading,FEDERATION OF MANTRA MOMENTS COOPERATIVE HOUSING SOCIETY LTD,SAGAR PHARATE,Boom Barrier,10000,Boom Arm,1,,,
00110/25-26,GHODAWAT ENERGY PVT.LTD.,9423003203,"GAT NO.351 TO 359,  
MAJALE MAJALE
Maharashtra  416109 
Pune City, Maharashtra - 416109 
India",Insiya Trading,GHODAWAT ENERGY PVT.LTD.,ASHFAQUE INAMDAR,Boom Barrier,48000,Boom Barrier IZ 2001,1,,,
00031/25-26,Goodwill cresent society,95950 72115‬,"Keshav nagar Pune 
Pune, Maharashtra 
India",Insiya Trading,Goodwill cresent society,Sameer Sayyed,Boom Barrier,150000,BOOM BARRIER IZ ECO,2,,,
00037/25-26,Hermes Drome, 99214 61808,"Hermes Drome
Viman Nagar Pune 
Pune, Maharashtra 
India",Insiya Trading,Hermes Drome,Sameer Sayyed,Boom Barrier,67500,Boom Barrier IZ-2002,1,,,
00035/24-25,Hyatt Place Pune Hinjewadi,,"P-12,P-13,P-13A  HYATT PLACE PUNE
RAJIV GANDHI INFOTECH, PHASE-1 HINJEWADI
Maharashtra  411057 
Maharashtra - 411057 
India",Insiya Trading,GHV HOTEL (INDIA)  PRIVATE  LIMITED.,SAGAR PHARATE,Boom Barrier,100300,Boom Barrier IZ-2003,1,,,
00072/25-26,JMJ BEACH RESORTS PRIVATE LIMITED,8326751016,"30/3  
ACSONA WADDO UTTORDA SALCETTEE,
Goa  403713 
Goa - 403713 
India",Insiya Trading,JMJ BEACH RESORTS PRIVATE LIMITED,ASHFAQUE INAMDAR,Boom Barrier,141600,Boom Barrier IZ-2002,2,,,
00024/25-26,K BUILDERS,9928855109,"SHOP NO 1  CHOUDHARY BHAWAN
BEHIND JEEVAN JYOTI HOSPITAL PURANI BASTHI SUTHLA, NANDVANDAN
Rajasthan  342008 
Rajasthan - 342008 
India",Insiya Trading,K BUILDERS,SAGAR PHARATE,Boom Barrier,179360,BOOM BARRIER IZ ECO,4,,,
00104/25-26,KUNAL ICON COOPERATIVE HOUSING SOCIETY LIMITED,77988 23022,"B8 BUILDING KUNAL ICON S. NO. 126/1A/126/1B, 126/2A/2B
NEAR SHIVAR GARDEN PIMPLE SAUDAGAR, PUNE
Maharashtra  411027 
Maharashtra - 411027 
India",Insiya Trading,KUNAL ICON COOPERATIVE HOUSING SOCIETY LIMITED,SAGAR PHARATE,Boom Barrier,309750,Boom Barrier IZ 2001,3,,,
00056/25-26,M D CONSTRUCTION,9881969632,"H.NO.34  S.NO.69
SWAMI VIVEKANAND SOCIETY NEW SANGHAVI
Maharashtra  411027 
Maharashtra - 411027 
India",Insiya Trading,M D CONSTRUCTION,SAGAR PHARATE,Boom Barrier,150000,Boom Barrier IZ-2003,2,,,
00020/26-27,Malvan Tourism Enterprises,8180884034,"1220, Vrundavan, Wayari Grade Road Makarebag,  Shindhudurg, Wayari Malvan 416606 
Shindhudurg, Maharashtra - 416606 
India",Insiya Trading,Malvan Tourism Enterprises,ASHFAQUE INAMDAR,Boom Barrier,,Boom Barrier IZ 2001,2,,,
00095/25-26,Manoj Mahajan,,"Vasundhara Apartment Dudulgaon 
Pune, Maharashtra 
India",Insiya Trading,Manoj Mahajan,SAGAR PHARATE,Boom Barrier,6500,Boom Arm,1,,,
00064/25-26,MARIGOLD PHASE II COOPERATIVE HOUSING SOCIETY LIMITED,7498530390,"GROUND FLOOR,  CYPRESS, BEHIND GOLD ADLABS,
KALYANI NAGAR, PUNE
Maharashtra  411014 
Pune City, Maharashtra - 411014 
India",Insiya Trading,MARIGOLD PHASE II COOPERATIVE HOUSING SOCIETY LIMITED,Harshal Chhajed,Boom Barrier,44840,BOOM BARRIER IZ ECO,1,,,
00041/24-25,Parkland Soc,,"Sakorenagar Vimannagar pune 411014 
Pune, Maharashtra 
India",Insiya Trading,Parkland Soc,SAGAR PHARATE,Boom Barrier,60180,Boom Barrier IZ-2002,1,,,
00002/24-25,PINNACLE PROPERTIES,,"2 1 8/23
opposite C Block Pimpri Chinchwad
Maharashtra  411017 
Maharashtra - 411017 
India",Insiya Trading,Nirman Construction,SAGAR PHARATE,Boom Barrier,55460,BOOM BARRIER IZ ECO,1,,,
00336/25-26,Planet Hollywood Beach Resort,7066031242,"30/3, Acsona Waddo, Uttorda Beach, Utorda, Goa 403713 
Pune, Maharashtra - 403713 
India",Insiya Trading,Planet Hollywood Beach Resort,,Boom Barrier,,Boom Arm,1,,,
00030/25-26,Preston Woods Co-operative Housing Society Ltd.,9422201995,"Vishal Nagar, Pimple Nilakh, Pune – 411027 
Pune, Maharashtra 
India",Insiya Trading,Preston Woods Co-operative Housing Society Ltd.,Sameer Sayyed,Boom Barrier,39000,BOOM BARRIER IZ ECO,1,,,
00072/26-27,PRIMAL PRIDE LLP,9689827878,"PUNE, KHED, GAT NO 226, PIMPRI CHINCHWAD, BARNE WASTI, Moshi, Pimpri Chinchwad, Pune, Maharashtra, 412105 
Pune, Maharashtra 
India",Insiya Trading,PRIMAL PRIDE LLP,SAGAR PHARATE,Boom Barrier,50000,Boom Barrier IZ 2001,1,,,
00119/25-26,Raj krishna Platinum square,,"Viman Nagar, Pune- 411014 
Pune, Maharashtra 
India",Insiya Trading,Raj krishna Platinum square,,Boom Barrier,,Boom Arm,1,,,
00038/25-26,Rajesh singh,8883771133,"15/6f kollai thickkanamcode post , kayna kumari dist , 
Tamil Nadu - 629804 
India",Insiya Trading,Rajesh singh,,Boom Barrier,45000,Boom Barrier IZ 2001,1,,,
00064/25-26,Raviraj Sahakari Gruharachana Sanstha,,"118/2C Tejovalay Warje 
Pune 411058 
Pune, Maharashtra 
India",Insiya Trading,Raviraj Sahakari Gruharachana Sanstha,,Boom Barrier,,Boom Arm,1,,,
00037/24-25,Rose Crystal Developers,9922957912,"SAI PARK , SR NO. 111/10  OPPOSITE JYOTIBHA MANGAL KARYALAYA
VIJAYNAGAR, KALEWADI PIMPRI
Maharashtra  411017 
Maharashtra - 411017 
India",Insiya Trading,Rose Crystal Developers,SAGAR PHARATE,Boom Barrier,110920,Boom Barrier IZ 2001,2,,,
00015/25-26,SHAKUNTAL FORESTIYA,9742613388,"OFFICE NO 110 H WING JAI GANESH SAMRAJYA
SIPNE ROAD BHOSARI
Maharashtra  411039 
Pune, Maharashtra - 411039 
India",Insiya Trading,SHAKUNTAL DEVELOPERS,SAGAR PHARATE,Boom Barrier,56640,Boom Barrier IZ-2003,1,,,
00036/25-26,Shetakari Sahakari  Gruha Rachana Sanstha,9423009492,"Behind Eion IT Park Grant Road  Kharadi Pune 411014 
Pune, Maharashtra - 411014 
India",Insiya Trading,Shetakari Sahakari  Gruha Rachana Sanstha,Harshal Chhajed,Boom Barrier,50000,Boom Barrier IZ 2001,1,,,
00016/25-26,Shital Kunj,8888817212,"S NO 162/4A/5A 4 TH FLOOR S R CHAMBERS
NAGRAS ROAD AUNDH
Maharashtra  411007 
Pune, Maharashtra - 411007 
India",Insiya Trading,ICON PROPERTIES,SAGAR PHARATE,Boom Barrier,129800,Boom Barrier IZ-2002,2,,,
00107/25-26,SHREE JOPADEVI SERVICES - PUNE,9987987829,"GAT NO 144  KHALUMBRE
CHAKAN TALEGAON ROAD KHALUMBRE, KHED
Maharashtra  410501
9987987829 
Pune, Maharashtra - 410501 
India",Insiya Trading,SHREE JOPADEVI SERVICES - PUNE,Harshal Chhajed,Boom Barrier,16502,Boom Arm,1,,,
00070/25-26,Shrushti Homes,9096324285,"Shrushti Homes, Wadmukhwadi Charoli Pimpari Chinchwad 
Pune, Maharashtra 
India",Insiya Trading,Shrushti Homes,SAGAR PHARATE,Boom Barrier,42500,BOOM BARRIER IZ ECO,1,,,
00108/25-26,Shubhshree woods Row House co-op hsg Soc.,7588726299,"Sur no .128 & 129  kunal Icon Road Pimpale Saudagar  pune 411027 
Pune, Maharashtra - 411027 
India",Insiya Trading,Shubhshree woods Row House co-op hsg Soc.,SAGAR PHARATE,Boom Barrier,505742,Boom Barrier IZ 2001,4,,,
00109/25-26,Sou. Sushila Danchand Ghodwat Charitable Trust,9112856885,"Gut No. 582 to 585  At Post Atigre
Sangli-Kolhapur Road Tal. Hatkanangle
Maharashtra  416118 
Pune City, Maharashtra - 416118 
India",Insiya Trading,Sou. Sushila Danchand Ghodwat Charitable Trust,ASHFAQUE INAMDAR,Boom Barrier,48000,Boom Barrier IZ 2001,1,,,
00026/25-26,Spark Spring,8087996871,"Podwal Road Dhanori Pune 
Pune, Maharashtra 
India",Insiya Trading,Spark Spring,Sameer Sayyed,Boom Barrier,100000,Boom Barrier IZ-2003,2,,,
00059/25-26,SRISHTI INFRABUILD PRIVATE LIMITED,9589000659,"1st2nd floor  
krishna sonchhatra compound bilaspur
Chhattisgarh  495004 
Chhattisgarh - 495004 
India",Insiya Trading,SRISHTI INFRABUILD PRIVATE LIMITED,ASHFAQUE INAMDAR,Boom Barrier,198830,Boom Barrier IZ-2003,2,,,
00084/24-25,Supreme phase 1,,"Supreme phase 1
Dudulgaon Moshi",Insiya Trading,YASHADA HOLDINGS,,Boom Barrier,,Boom Arm,1,,,
00016/24-25,Vignharta keshar tree town,9850898995,"ap dudulgaon Moshi Pimpari Chinchwad 
Pune, Maharashtra 
India",Insiya Trading,Vignharta keshar tree town,SAGAR PHARATE,Boom Barrier,112100,Boom Barrier IZ-2003,1,,,
00033/25-26,vishal Apartment,8180865358,"Ap Bhawanipeth Pune 411042 
Pune, Maharashtra - 411042 
India",Insiya Trading,vishal Apartment,Sameer Sayyed,Boom Barrier,76950,Boom Barrier IZ 2001,1,,,
00002/26-27,Vivek Pandey,9873105544,"Konark bella vista, bhosale garden, hadapsar
9873105544 
Pune, Maharashtra - 411028 
India",Insiya Trading,Vivek Pandey,,Boom Barrier,8500,Boom Arm,1,,,
00201/24-25,WIDEANGLE SECURITY SYSTEMS,,"ROOM NO.02  
IRANI CHAWL LONAVALA
Maharashtra  410401 
Maharashtra - 410401 
India",Insiya Trading,WIDEANGLE SECURITY SYSTEMS,,Boom Barrier,,BOOM BARRIER IZ ECO,1,,,
00040/24-25,Yashada Supreme F G H I J,,"OFFICE NO. 301, J4 BUILDING GROUND FLOOR ROSE ICON
PIMPLE SAUDAGAR Pimpri Chinchwad
Maharashtra  411027 
Maharashtra - 411027 
India",Insiya Trading,YASHADA HOLDINGS,SAGAR PHARATE,Boom Barrier,118000,Boom Barrier IZ-2003,2,,,
00106/25-26,Yashada Supreme Phase 2,,"Yashada Supreme Phase 2
A/p Dudulgaon  Alandi Dehu Road 
Pune, Maharashtra 
India",Insiya Trading,Yashada Supreme Phase 2,SAGAR PHARATE,Boom Barrier,12000,Boom Arm,1,,,
00220/24-25,YASHADA SUPREME PHASE 2 (BOOM),,"YASHADA SUPREME PHASE 2 (BOOM)
Dudulgaon, Moshi",Insiya Trading,YASHADA HOLDINGS,SAGAR PHARATE,Boom Barrier,,Boom Barrier IZ-2003,2,,,
00025/25-26,Nilay Muley,,"B 803 , Siciliaa Society, 
B.T. Kawade Road, Near Chitale Stores
Ghorpadi, Pune 411001 
Pune, Maharashtra 
India",Insiya Trading,Nilay Muley,,Cooler,,Swift Coller,2,,,
00213/24-25,Pardeshi,,"Wadgaonsheri Near Anjali school pune 411014 
Pune, Maharashtra 
India",Insiya Trading,Pardeshi,,Cooler,,Cooler Motor 1/7HP,1,,,
00037/25-26,Prakash,,"Yashwant Nagar kharadi
Pune 411014 
Pune, Maharashtra 
India",Insiya Trading,Prakash,SAGAR PHARATE,Cooler,,Coolar Motar cw,1,,,
00014/26-27,Santosh Mehetre,088304 59081,"Sangavi 
Pune, Maharashtra - 411027 
India",Insiya Trading,Santosh Mehetre,SAGAR PHARATE,Cooler,,Cooler circulation pump 18 watt,1,,,
00051/25-26,Tappan kumar Datta,,"Tingare Nagtar, Pune 
Pune, Maharashtra 
India",Insiya Trading,Tappan kumar Datta,,Cooler,,Cooler circulation pump 18 watt,1,,,
00050/24-25,Mr. Chavan Dehu Road,,"Dehu Road 
Pune, Maharashtra - 412101 
India",Insiya Trading,Mr. Chavan Dehu Road,SAGAR PHARATE,Default,,Digital Lock,1,,,
00192/24-25,Vikas Rode,,"Aurangabad
Maharashtra 
Pune, Maharashtra 
India",Insiya Trading,Vikas Rode,,Default,,INS-AIO 786 Digital Lock,1,,,
00052/24-25,YASHWIN ORIZZONTE E,,"YASHWIN ORIZZONTE E
Kharadi Pune
411014 
Pune, Maharashtra - 411014 
India",Insiya Trading,VILAS JAVDEKAR GREENSCAPE DEVELOPERS LLP,SAGAR PHARATE,Fire Door,,Fire Dust Door,20,,,
00053/24-25,Yashwin PKC,,"Yashwin PKC
kharadi pune 411014 
Pune, Maharashtra - 411014 
India Pune Maharashtra ",Insiya Trading,SANKALP CONTRACTS PRIVATE LIMITED,SAGAR PHARATE,Fire Door,,Fire Dust Door,1,,,
00210/24-25,CANTONMENT GENERAL HOSPITAL,,"DISTRICT PUNE DEHU ROAD 411031 
Pune, Maharashtra 
India",Insiya Trading,CANTONMENT GENERAL HOSPITAL,,PV,,MCB Switch 4 pole 40 amp,1,,,
00015/24-25,Ajit Gavhane,7588874019,"Bhosari 
Pune, Maharashtra 
India",Insiya Trading,Ajit Gavhane,SAGAR PHARATE,PV,,SOLAR ELECTRIC GEYSER,1,,,
00034/24-25,AMIT ARUN DESHMUKH,9850379369,"Kharadi Bypass 
Pune, Maharashtra - 411014 
India",Insiya Trading,AMIT ARUN DESHMUKH,SAGAR PHARATE,PV,259840,Solar Rooftop System ,4,,,
00073/24-25,BASUDEB RAJAGOPAL IYER,,"S No 299, Rh6 Nirvana life county, Lohegaon Rd 2pune 411047 
Pune, Maharashtra 
India",Insiya Trading,BASUDEB RAJAGOPAL IYER,,PV,,Goodwe 3kw 1ph Solar Inverter,1,,,
00013/25-26,Devdatta Joshi,8446756644,"Abhilasha hights flat no.106, near row fitness gym, mhasoba wasti, manjari budruk, pune. 
Pune, Maharashtra 
India",Insiya Trading,Devdatta Joshi,SAGAR PHARATE,PV,7500,Family Air Cooler,1,,,
00072/24-25,DILIP GUNA PAWAR,,"S No 299, Rh9 Nirvana life county, Lohegaon Rd Dhanori pune 411047 
Pune, Maharashtra 
India",Insiya Trading,DILIP GUNA PAWAR,,PV,,Goodwe 3kw 1ph Solar Inverter,1,,,
00032/26-27,Finswel Bldg,,"Viman nagar 
Pune, Maharashtra - 411014 
India",Insiya Trading,Finswel Bldg,SAGAR PHARATE,PV,,MCB Switch 4 pole 63 amp,1,,,
00086/24-25,GOUD SHAKTISINGH RAMSINGH,,"S no 44, somnath nagar, wadgaonsheri pune 411014 
Pune, Maharashtra 
India",Insiya Trading,GOUD SHAKTISINGH RAMSINGH,,PV,,Pv Structure front Leg 6ft x 185mm,2,,,
00017/25-26,INFINITY WORLD D,,"INFINITY WORLD D
PUNAWALE, PUNE, 411033 
Pune, Maharashtra 
India",Insiya Trading,TULIP DEVELOPERS,SAGAR PHARATE,PV,,Aluminium Armour Cable 10Sqmm x 4core,120,,,
00003/24-25,Malti Madhukar Deokar,,"SNO-69, SHRAMIK NGR, SHIVSMRUTI, NR-AJINKYA CLUB HELATH, DIGHI, 411015 
Pune, Maharashtra - 411015 
India",Insiya Trading,Malti Madhukar Deokar,SAGAR PHARATE,PV,0,Renewsys Monofacial DCR Pannel 545wp,6,,,
00085/24-25,MANE UMADEVI UMAKANT,,"S no 44, somnath nagar, wadgaonsheri pune 411014 
Pune, Maharashtra 
India",Insiya Trading,MANE UMADEVI UMAKANT,,PV,,Pv Structure front Leg 6ft x 185mm,3,,,
00097/25-26,Mayur Manharlal Kapadia,9374714879,"32, Jiviba Park Society B/N  China Town , Univercity  Road , VTC :Surat , PO : Althan 
Sub District :-Surat City,  District :- Surat 
State :- Gujrat PIN:- 395017 
SURAT, Gujarat 
India",Insiya Trading,Mayur Manharlal Kapadia,ASHFAQUE INAMDAR,PV,140000,Enamel Coated Tank 500 LPD,1,,,
00013/24-25,Mohit Aggarwal,8168016773,"Ap Khese Park Lohgaon pune 
Pune, Maharashtra - 411032 
India",Insiya Trading,Mohit Aggarwal,SAGAR PHARATE,PV,200000,Solar Rooftop System ,3,,,
00074/24-25,Nidhi chourasia Arpit Chaurishi,,"S No 299, Rh19 Nirvana life county, Lohegaon Rd Dhanori pune 411047 
Pune, Maharashtra 
India",Insiya Trading,Nidhi chourasia Arpit Chaurishi,,PV,,Goodwe 3kw 1ph Solar Inverter,1,,,
00070/26-27,Nikita Agarwal,9890442932,"Plot 1401, 46 Banyan Tree
Ghatols Farm Rd, Pune, Chandkhed, Maharashtra 410506 
Pune, Maharashtra - 410506 
India",Insiya Trading,Nikita Agarwal,SAGAR PHARATE,PV,180000,Enamel Coated Tank 500 LPD,1,,,
00005/24-25,Nirvana Life County Club House,9822226301,"survey no 299 Lohgaon Tal Haveli 
Pune, Maharashtra - 411047 
India",Insiya Trading,Nirvana Life County co-operating HSG Soc ltd,SAGAR PHARATE,PV,675000,Solar Rooftop System ,10,,,
00080/25-26,ORCA SYS PRIVATE LIMITED,9158221221,"FLAT NO 149,  
NEAR MARUTI MANDIR,BOPODI, PUNE
Maharashtra  411020 
Pune City, Maharashtra - 411020 
India",Insiya Trading,ORCA SYS PRIVATE LIMITED,SAGAR PHARATE,PV,127000,Enamel Coated Tank 500 LPD,1,,,
00011/25-26,PARMARNAGAR PHASE 1 CO OP HSG SOC LTD,9425600049,"Parmar Nagar B Building Common Mete Phase I Fatima Nagar Wanwadi Pune (M Corp.)
 Ta:PUNE CITY Di:PU NE 411040 
Pune, Maharashtra 
India",Insiya Trading,PARMARNAGAR PHASE 1 CO OP HSG SOC LTD,,PV,0,Solar Rooftop System ,13,,,
00042/24-25,PBC MHADA,,"CENTRO MALL, SHOP NO. C-301 THIRD FLOOR, S. NO. 200/1/2, 200/2 Palash Plus
KALEWADI WAKAD ROAD Pimpri Chinchwad
Maharashtra  411057 
Maharashtra - 411057 
India",Insiya Trading,SANKALP CONTRACTS PRIVATE LIMITED,SAGAR PHARATE,PV,33040,FIRE DUCT DOOR,100,,,
00043/24-25,PBC Tower 3,,"CENTRO MALL, SHOP NO. C-301 THIRD FLOOR, S. NO. 200/1/2, 200/2 Palash Plus
KALEWADI WAKAD ROAD Pimpri Chinchwad
Maharashtra  411057 
Maharashtra - 411057 
India",Insiya Trading,SANKALP CONTRACTS PRIVATE LIMITED,SAGAR PHARATE,PV,970385,FIRE DUCT DOOR,2937,,,
00076/24-25,PRACHI SAGAR GANDHI,,"S No 299, Rh20 Nirvana life county, Lohegaon Rd Dhanori pune 411047 
Pune, Maharashtra 
India",Insiya Trading,PRACHI SAGAR GANDHI,,PV,,Goodwe 3kw 1ph Solar Inverter,1,,,
00144/24-25,Prime Hospital,8999697143,"Prime Hospital
S.NO.4/1A/1
HISSA NO.24 A KONDHAWA (KH) PUNE 411001 
Pune, Maharashtra 
India",Insiya Trading,THE CRESCENT INDIA MEDICAL EDUCATION TRUST,,PV,,MS Pipe 100mm X 100mm X 1.6mm,20,,,
00031/24-25,RATNALAXMI APARTMENT,9923797946,"Ravet Near London Bridge 
Pune, Maharashtra - 412101 
India",Insiya Trading,RATNALAXMI CONSTRUCTION,SAGAR PHARATE,PV,291200,Solar Rooftop System ,5,,,
00272/25-26,Rohit Galande,,"Pune, Maharashtra 
India",Insiya Trading,Rohit Galande,,PV,,Sofar Inverter model no 11KTL-X,1,,,
00112/24-25,Rupesh Shinde,,"mohammadwadi
Pune, Maharashtra 
India",Insiya Trading,Rupesh Shinde,,PV,,Goodwe 3kw 1ph Solar Inverter,1,,,
00001/24-25,S V INDUSTRIES,,"G.NO.- 1544 156 168 171  SANASWADI
NAGAR ROAD SANASWADI SHIRUR
Maharashtra  412208 
Pune, Maharashtra - 412208 
India",Insiya Trading,S V INDUSTRIES,SUNIL MANE,PV,0,DC DB 16in 16out 80kw 3ph,1,,,
00055/25-26,satish chavan,9822659883,"Ravet Pune 
Pune, Maharashtra 
India",Insiya Trading,satish chavan,SAGAR PHARATE,PV,288750,Solar Photovoltic System,5,,,
00296/25-26,Shakil shaikh plumber,,"Koregaonbhima 
Pune, Maharashtra 
India",Insiya Trading,Shakil shaikh plumber,,PV,,"Copper Flexible Cable 2.5sqmm x 2core	",14,,,
00105/25-26,Shanti kunj,9822865989,"Wadgaon sheri pune 
Pune, Maharashtra 
India",Insiya Trading,Shanti kunj,ASHFAQUE INAMDAR,PV,91875,250 LPD complete system,1,,,
00018/24-25,SHRIKRISHNA  MULTISPECIALITY  HOSPITAL,,"Pune, Maharashtra 
India",Insiya Trading,SHRIKRISHNA  MULTISPECIALITY  HOSPITAL,SAGAR PHARATE,PV,136546,Electrical Duct Door (Fins),225.363,,,
00020/24-25,Siddhi Nisarg D Wing Premises Co-op So ltd,8530833321,"Ap Bhumkar Chouk Pune 411033 
Pune, Maharashtra - 411033 
India",Insiya Trading,siddhi Nisarg D Wing Premises Co-op So ltd,SAGAR PHARATE,PV,569000,Solar Rooftop System ,12,,,
00167/25-26,SOFARSOLAR RENEWABLE ENERGIES OPC PVT LTD,6357301117,"1204 - A, A Wing, Siddhivinayak Business Towers,
Kataria Automobiles Rd, Makarba,
Ahmedabad, Gujarat - 380051
 
Ahmadabad City, Gujarat - 380051 
India",Insiya Trading,SOFARSOLAR RENEWABLE ENERGIES OPC PVT LTD,,PV,,Sofar Inverter model no 11KTL-X,1,,,
00014/24-25,Sparrow Energy,7066211212,"Ap Moshi Pune 
Pune, Maharashtra - 412105 
India",Insiya Trading,Sparrow Energy,SAGAR PHARATE,PV,400,SILICON RING 58MM,20,,,
00075/24-25,Subhashish Mitra,,"S No 299, Rh17 Nirvana life county, Lohegaon Rd Dhanori pune 411047 
Pune, Maharashtra 
India",Insiya Trading,Subhashish Mitra,,PV,,Goodwe 3kw 1ph Solar Inverter,1,,,
00060/25-26,Sunil Jayawant Chavan,9822659883,"Sr.No. 40 Vikas nagar,Kivale, PCMC 
Pune, Maharashtra - 412101 
India",Insiya Trading,Sunil Jayawant Chavan,,PV,0,Solar Rooftop System ,5,,,
00099/25-26,Swapnali Anand Rasal,,"Sr no 39 Galli no 6 Matte nagar PUNE CITY PUNE Pune
411014 
Pune, Maharashtra 
India",Insiya Trading,Swapnali Anand Rasal,,PV,,MC4 connector (M/F) ,2,,,
00132/24-25,TECHNOMANIA ENERGY LLP,98819323225,"Sr No 112 Ground Floor Borude Niwas
Shivsai Nagar Pune
Maharashtra  411038 
Maharashtra - 411038 
India",Insiya Trading,TECHNOMANIA ENERGY LLP,,PV,,Citizen Solar PV Module NDCR 545Watt Bifacial,45,,,
00022/24-25,THE CHAIRMAN MADRASAETALIMUL QURAAN,7387977773,"MASJID HN-1/1,L/1&7 GALAXY
 	PL-23-24 SN-11 KONDHAWA KD KAUSARBAG PUNE 
Pune, Maharashtra 
India",Insiya Trading,THE CHAIRMAN MADRASAETALIMUL QURAAN,SAGAR PHARATE,PV,392000,Solar Rooftop System ,10,,,
00001/25-26,VIJAY DINESH JOSHI,,"Sadhana Society Hadapsar. Behind Sarswat Bank 
Pune, Maharashtra 
India",Insiya Trading,VIJAY DINESH JOSHI,SAGAR PHARATE,PV,191520,Solar Rooftop System ,3,,,
00005/25-26,VJ - CENTRAL AVENUE T5,8793640296,"SR NO 200/2,OFFICE NO 301, C- WING, PALASH PIUS,, PUNE, MAHARASHTRA, INDIA, PIN Code:411057 
Pune, Maharashtra 
India",Insiya Trading,SANKALP CONTRACTS PRIVATE LIMITED,SAGAR PHARATE,PV,13299,FIRE DUCT DOOR,40.252,,,
00006/25-26,YASHWIN ORIZZONTE C Bldg,,"CENTRO MALL, SHOP NO. C-301 THIRD FLOOR, S. NO. 200/1/2, 200/2 Palash Plus
KALEWADI WAKAD ROAD Pimpri Chinchwad
Maharashtra  411057 
Maharashtra - 411057 
India",Insiya Trading,SANKALP CONTRACTS PRIVATE LIMITED,SAGAR PHARATE,PV,43785,FIRE DUCT DOOR,132.52,,,
00002/25-26,YOGITA VIJAY JOSHI,,"Sadhana Society Behind Sarswat Bank Hadapsar 
Pune, Maharashtra 
India",Insiya Trading,YOGITA VIJAY JOSHI,SAGAR PHARATE,PV,127680,Solar Rooftop System ,2,,,
00075/25-26,Iftekharkhan Asad khan,,"S No 51/1/2, Poona college Enployees Co Op housing society wadgaonsheri pune 411014 
Pune, Maharashtra 
India",Insiya Trading,Iftekharkhan Asad khan,,PV,,Citizen Solar PV Module DCR 545Watt Bifacial,6,,,
00131/24-25,M/s NIPB INDUSTRIAL BRUSHES (I) PRIVATE,,"PLOT NO.D-138 VILLAGE BHAMBOLI PHASE II
CHAKAN INDUSTRIAL AREA Chakan
Maharashtra  410501 
Maharashtra - 410501 
India",Insiya Trading,M/s NIPB INDUSTRIAL BRUSHES (I) PRIVATE,,PV,,Citizen Solar PV Module Polycrystalline Non DCR 335Watt,7,,,
00065/24-25,Narendrakumar Rajmalji Gandhi,,"Flat No 1102, Hyde parikk Tower D Market Yard pune 411037 
Pune, Maharashtra 
India",Insiya Trading,Narendrakumar Rajmalji Gandhi,,PV,,ECE 540wp Mono Bifacial Dcr panel,11,,,
00157/24-25,PUNCA,,"UNIT NO.38 MIDC ELECTRONIC SADAN NO.1
BHOSARI BHOSARI
Maharashtra  411026 
Maharashtra - 411026 
India",Insiya Trading,PUNCA,,PV,,Citizen Solar PV Module DCR 545Watt Bifacial,9,,,
00010/24-25,PURNIMA SUNIL DAUNDE,,"S NO 56/3 WADGAON SHERI
DHANVANTARY COLONY
PUNE
411014 
Pune, Maharashtra 
India",Insiya Trading,PURNIMA SUNIL DAUNDE,,PV,,Renewsys Monofacial DCR Pannel 545wp,6,,,
00124/24-25,SAMBIT SWAIN,,"S No 299, Rh22 Nirvana life county, Lohegaon Rd Dhanori pune 411047 
Pune, Maharashtra 
India",Insiya Trading,SAMBIT SWAIN,,PV,,Citizen Solar PV Module DCR 545Watt Bifacial,4,,,
00004/24-25,Swapna Manoj Phulphagar,,"Pune, Maharashtra - 411001 
India",Insiya Trading,Swapna Manoj Phulphagar,SUNIL MANE,PV,,ECE 540wp Mono Bifacial Dcr panel,10,,,
00173/24-25,Nyati-Equitorial Phase 1,9028743827,"Nyati-Equitorial Phase 1,. GQC7+F29, near Crystal Honda Showroom, off Bengaluru - Mumbai Highway, Uttam Nagar, Bhunde Vasti, Bavdhan, Sunarwadi, Pune, Maharashtra 411021 
Pune, Maharashtra 
India",Insiya Trading,Nyati-Equitorial Phase 1,,SWH,,Solar Absorber Panel Fins,1,,,
00094/24-25,Soham Enterprises ( Ajay Plumber ),,"Supreme I Building 
Moshi 
India",Insiya Trading,Soham Enterprises( Ajay Plumber ),SAGAR PHARATE,SWH,,Yellow PP Rope ISI 28mm,41.48,,,
00062/25-26,Vantage 21 Mhada,,"Vantage 21 Mhada
J4 OFFICE NO. 301 GROUND FLOOR ROSE ICON
PIMPLE SAUDAGAR Pimpri Chinchwad
Maharashtra  411027 
Maharashtra - 411027 
India",Insiya Trading,VIVANTA REALTY,SAGAR PHARATE,SWH,,brass Nrv 1/2 Inc,4,,,
00071/25-26,Navnath Sonwane,,"Halchal Industries, 
Chouphula 
Pune, Maharashtra 
India 
Pune, Maharashtra 
India",Insiya Trading,Navnath Sonwane,,SWH,,Cpvc Elbow 3/4 Inc,4,,,
00027/24-25,24 Sunshine A,9860305494,"SHOP NO 11 LAXMITARA MARKET DANGE CHOWK
THERGAON PUNE
Maharashtra  411033 
Pune, Maharashtra - 411033 
India",Insiya Trading,SHIV ASSOCIATES,SAGAR PHARATE,SWH,1767920,SOLAR WATER HEATER 700 LPD,12,,,
00143/25-26,24 Sunshine B,,"24 Sunshine B   
Jadhavwadi chickali PUNE
Maharashtra  411033 
Pune, Maharashtra - 411033 
 
Maharashtra - 411033 
India",Insiya Trading,SHIV ASSOCIATES,,SWH,,Swh Tank 700/38,8,,,
00039/24-25,57 Midtown,,"SHOP NO - 10/11 AND 12  LAXMITARA MARKET
TATHWADE ROAD DANGE CHOWK
Maharashtra  411033 
Maharashtra - 411033 
India",Insiya Trading,GARVE BUILDCON,SAGAR PHARATE,SWH,665280,SOLAR WATER HEATER ,10800,,,
00041/25-26,ALPINE CASTLE  CO - OP HSG  SOC,,"KAUSARBAUGE 
PUNE 
Pune, Maharashtra 
India",Insiya Trading,ALPINE CASTLE CO - OP HSG  SOC,SAGAR PHARATE,SWH,98560,SOLAR WATER HEATER ,1000,,,
00043/25-26,AUSTIN LUSH A,9004685420,"S. No. 144/6/6 4th Floor Divya Capital
Vishwashanti Colony No.1 Pimpri Chinchwad
Maharashtra  411027 
Pune, Maharashtra - 411027 
India",Insiya Trading,LUSH RESIDENCES LLP,SAGAR PHARATE,SWH,1411235,SOLAR WATER HEATER ,14000,,,
00230/24-25,Basil Group GSV Constructions,,"S.NO.31/3 SHOP NO 2 SIDDHESHWAR PRASAD BLDG
DHANKAWADI PUNE
Maharashtra  411043 
Maharashtra - 411043 
India",Insiya Trading,GSV CONSTRUCTIONS,,SWH,,ETC TUBE SWH 58X2100MM,684,,,
00011/24-25,BHAGYASTHAN PHASE 1,,"BHAGYASTHAN A
TALEGAON DABHADE
PUNE 410507
 
Pune, Maharashtra 
India Pune Maharashtra ",Insiya Trading,BHAGYASTHAN PHASE 1,SAGAR PHARATE,SWH,,ETC TUBE SWH 58X2100MM,384,,,
00184/24-25,Bhaktamar Residency,,"Bhaktamar Residency
Wadgaonsheri
Pune 411014",Insiya Trading,Bhaktamar Realities LLP,,SWH,,Unipro pipe 1.1/2 Inc,100,,,
00026/24-25,Bhoomi Blessing,8888103410,"SHOP NO.11 WING B  SONIGARA CORP
Dange Chowk Road Pimpri Chinchwad
Maharashtra  411033 
Maharashtra - 411033 
India",Insiya Trading,GOLDWAY INFRACON,SAGAR PHARATE,SWH,269500,SOLAR WATER HEATER 700 LPD,7,,,
00079/24-25,BRIGHTKING INDIA,,"GAT NO.5365 2 RIDDHI SIDDI
CHAKAN SHIKRAPUR ROAD CHAKAN
CONTACT NO 9022904352
Maharashtra  410501 
Maharashtra - 410501 
India",Insiya Trading,BRIGHTKING INDIA,Default,SWH,,Solar Water Heater System 500/32 LPD,1,,,
00100/25-26,BUNTY REALTORS,9975570019,"37  SAGAR COMPLEX
PUNE-MUMBAI ROAD KASARWADI
Maharashtra  411034 
Pune, Maharashtra - 411034 
India",Insiya Trading,BUNTY REALTORS,SAGAR PHARATE,SWH,315000,SOLAR WATER HEATER ,5000,,,
00162/24-25,CHAVAN JAYANT RAMCHANDRA,9890965280,"S NO 47-1A SOMNATH NGR
WADGAONSHERI
PUNE
411047 
Pune, Maharashtra 
India",Insiya Trading,CHAVAN JAYANT RAMCHANDRA,SUNIL MANE,SWH,,PV stand and structure material set,2,,,
00008/24-25,CITYONE PANACHE,,"CITYONE PANACHE
xyz
Maharashtra  411033 
Maharashtra - 411033 
India",Insiya Trading,SHREE SAI KEYSTONE,SAGAR PHARATE,SWH,,KITEC PIPE 1.1/4 Inc,165,,,
00172/24-25,Cityone Skyway,9890185384,"Cityone Skyway
Survey No 11/2B  
Near Symbiosis College Kiwale Pune
Maharashtra  412101 
Maharashtra - 412101 
India",Insiya Trading,SHREE SAI CAPITAL,,SWH,,SWH Tank 620/38,8,,,
00007/24-25,Dealer Swapnil Bundgar,9022904352,"Chickhali pune 
Pune, Maharashtra - 411062 
India",Insiya Trading,Dealer Swapnil Bundgar,SAGAR PHARATE,SWH,687500,Solar Water Heater System 500/32 LPD,25,,,
00058/25-26,DESTINATION EL PROGRESO P2,7499130080,"amijit banglow Ground Sandvik Colony
Dighi Road Pimpri Chinchwad
Maharashtra  411039 
Pune, Maharashtra - 411039 
India",Insiya Trading,EL PROGRESO LANDMARKS,SAGAR PHARATE,SWH,1318200,SOLAR WATER HEATER ,15600,,,
00003/25-26,Destination Ishanya,,"SR. NO.207/4 SHOP NO. 2  NEAR VANARAJ HOTEL
ALANDI ROAD BHOSARI
Maharashtra  411039 
Maharashtra - 411039 
India",Insiya Trading,GAVHANE REALTY,SAGAR PHARATE,SWH,155904,SOLAR WATER HEATER ,2400,,,
00114/25-26,Dhumal sir,,"Koregaon bhima 
Pune, Maharashtra 
India",Insiya Trading,Dhumal sir,,SWH,,HM Solar Electric Heater 3kw 1.25 inch,1,,,
00055/25-26,Dikshit,,"Chikhali 
Pune, Maharashtra 
India",Insiya Trading,Dikshit,SAGAR PHARATE,SWH,,ETC TUBE SWH 58X1800MM,1,,,
00235/24-25,EL PROGRESSO VENTURES,,"SHOP NO.C-1 TO C-4 NEAR PNG KBG CLASSIC BUILDING
PUNE NASHIK ROAD BHOSARIGAON
Maharashtra  411039 
Maharashtra - 411039 
India",Insiya Trading,EL PROGRESSO VENTURES,SAGAR PHARATE,SWH,,ETC TUBE SWH 58X2100MM,4,,,
00073/26-27,ELATED HOUSING LLP,7875880000,"Katraj Hadapsar Road.Mohamadwadi Sub Post Office  Mohammad Wadi pune 411060 
Pune, Maharashtra 
India",Insiya Trading,ELATED HOUSING LLP,SAGAR PHARATE,SWH,1569375,SOLAR WATER HEATER ,22500,,,
00218/24-25,ELEMENTA PHASE 1 SAHAKARI GRUHARACHANA SANSTHA MARYADIT,,"S.No. 55/1,56/1,57/1, to 57/4, ELEMENTA PHASE 1 SAHAKARI GRUHARACHANA SANSTHA MARYADIT Tathawade Road, Pune, Pune, Maharashtra, 
Pune, Maharashtra -  411033 
India",Insiya Trading,ELEMENTA PHASE 1 SAHAKARI GRUHARACHANA SANSTHA MARYADIT,,SWH,,SWH Tank 500/32,3,,,
00020/25-26,Epic phase 1 building C and D co operative housing society limited,9156591591,"Ap Pimpale nilakh 
PUNE 
Pune, Maharashtra 
India",Insiya Trading,Epic phase 1 building C and D co operative housing society limited,SAGAR PHARATE,SWH,82600,Solar Water Heater AMC,20,,,
00152/24-25,F Residency,,"Wadgaonsheri pune 411014 
Pune, Maharashtra 
India",Insiya Trading,F Residency,,SWH,,Tefflon tape 15mtr,10,,,
00148/24-25,Green Park,,"Green park, Dudulgaon
Shop No. 106 SNO 150 and 151, PLOT NO. 1 and 8 Rama Equator
Ajmera Road Pimpri Chinchwad
Maharashtra  411018 
Maharashtra - 411018 
India",Insiya Trading,CLASSIC DEVELOPERS,SUNIL MANE,SWH,,Unipro pipe 1 Inc,60,,,
00034/25-26,HI-LIFE MHADA,,"SURVEY NO 34 3RD FLOOR VTP HOUSE
NEAR INORBIT MALL WADGAONSHERI PUNE
Maharashtra  411014 
Maharashtra - 411014 
India",Insiya Trading,RISING WELWORTH ENTERPRISES LLP,SAGAR PHARATE,SWH,28910,Zoloto Brass Nrv ISI 1.1/4 Inc,7,,,
00098/24-25,Infinity Cube,,"Infinity Cube
Punawale pune
S.No.32 A,LC 1/1 Office No.16  La-Cista
. PCNTDA
Maharashtra  411033 
Maharashtra - 411033 
India",Insiya Trading,TULIP DEVELOPERS,,SWH,,Unipro pipe 1 Inc,10,,,
00085/25-26,INFINITY WORLD B,,"INFINITY WORLD B
PUNAWALE, PUNE, 411033 
Maharashtra - 411033 
India",Insiya Trading,TULIP DEVELOPERS,,SWH,,Kitec Tee 1/2 Inc,1,,,
00054/25-26,Kalyani Enterprises,,"Mahabaleshwar 
Pune, Maharashtra 
India",Insiya Trading,Kalyani Enterprises,SAGAR PHARATE,SWH,,Swh Stand Kaan,2,,,
00027/25-26,KAMAL ENTERPRISES,7387565268,"SR.NO 53/2/1  DATTA SHANTI APARTMENT
NETAJI NAGAR LANE NO 2 Pimpri Chinchwad
Maharashtra  411061 
Maharashtra - 411061 
India",Insiya Trading,ELANZA,SAGAR PHARATE,SWH,220800,solar water heater 750lpd with 38 holes,4,,,
00077/25-26,Love Spring,7447853321,"OFFICE NO 207 SR NO 151/20 VISHAL VENTILA
NEAR NOBEL HOSPITAL HADAPSAR
Maharashtra  411028 
Pune, Maharashtra - 411028 
India",Insiya Trading,APEX ASSOCIATES,Balasaheb Deshmukh,SWH,890820,SOLAR WATER HEATER ,12120,,,
00071/25-26,MANGALAM BUILDCORP,8149371797,"S.NO.25/1,SHOP NO.33 A WING SILVER SPACE
JAGTAP DAIRY, PIMPLE NILAKH PUNE
Maharashtra  411027 
Pune, Maharashtra - 411027 
India",Insiya Trading,MANGALAM Life Park,SAGAR PHARATE,SWH,3288792,SOLAR WATER HEATER ,11200,,,
00018/25-26,Mayur Kilbil,9975570019,"37  SAGAR COMPLEX
PUNE-MUMBAI ROAD KASARWADI
Maharashtra  411034 
Maharashtra - 411034 
India",Insiya Trading,BUNTY REALTORS,SAGAR PHARATE,SWH,273648,SOLAR WATER HEATER ,4000,,,
00084/25-26,Nilam Patil,86000 06546,"OFFICE NO. 87&88 5 KK Market Wing D
KK Market Road Pune
Maharashtra  411043 
Bhor, Maharashtra - 411043 
India",Insiya Trading,Lifeshield EHS Services,SAGAR PHARATE,SWH,90000,Solar Water Heater 200LPD,1,,,
00025/24-25,Nirvana Life Season A1,,"A3 OFFICE NO 01 Sr no 7
DN Parande Park Lane Pune
Maharashtra  410105 
Maharashtra - 410105 
India",Insiya Trading,LIFE SEASONS DEVELOPMENT LLP,SAGAR PHARATE,SWH,,Nut bolt M8x20mm,1100,,,
00010/25-26,Nirvana Life Season A2,,"Nirvana Life Season A2
A3 OFFICE NO 01 Sr no 7
DN Parande Park Lane Pune
Maharashtra  410105 
Maharashtra - 410105 
India",Insiya Trading,LIFE SEASONS DEVELOPMENT LLP,SAGAR PHARATE,SWH,,ETC TUBE SWH 58X2100MM,608,,,
00011/25-26,Nirvana Life Season A3,,"Nirvana Life Season A3
A3 OFFICE NO 01 Sr no 7
DN Parande Park Lane Pune
Maharashtra  410105 
Maharashtra - 410105 
India",Insiya Trading,LIFE SEASONS DEVELOPMENT LLP,SAGAR PHARATE,SWH,,ETC TUBE SWH 58X2100MM,640,,,
00023/24-25,Nitin Bhandare,,"Piple Jagtap Road 
Pune, Maharashtra 
India",Insiya Trading,Nitin Bhandare,SAGAR PHARATE,SWH,,SWH Tank 300/30,1,,,
00023/24-25,Pandarinath Hargude,9822007287,"Pernefata Pune 
Pune, Maharashtra 
India",Insiya Trading,Pandarinath Hargude,SAGAR PHARATE,SWH,36000,solar water Heater 300 lpd,1,,,
00006/24-25,Parkale Sir,8888083048,"Kedgaon Tal Daund Dist Pune 
Pune, Maharashtra - 144005 
India",Insiya Trading,Parkale Sir,SAGAR PHARATE,SWH,70500,SOLAR WATER HEATER 550 LPD 34 HOLE,2,,,
00226/24-25,Pegasus T1,,"VTP pegasus T1
kharadi, Pune 411014",Insiya Trading,ARHUM ERECTORS PRIVATE LIMITED,,SWH,,ETC TUBE SWH 58X2100MM,760,,,
00002/24-25,Pegasus T10,,"Pegasus T10 
314 3rd Floor VTP House
Near Inorbit Mall,Nagar Road Wadgaonsheri
Maharashtra  411014 
Maharashtra - 411014 
India",Insiya Trading,ARHUM ERECTORS PRIVATE LIMITED,SAGAR PHARATE,SWH,,GI tee 1.1/4 Inc,18,,,
00142/25-26,Pegasus T11,,"VTP Pegasus T11
Kharadi, Pune 411014 
Maharashtra - 411014 
India 
Maharashtra - 411014 
India",Insiya Trading,ARHUM ERECTORS PRIVATE LIMITED,SAGAR PHARATE,SWH,,SWH Tank 620/36,8,,,
00156/24-25,Pegasus T12,,"VTP Pegasus T 12
Kharadi, Pune
Maharashtra - 411014 
India",Insiya Trading,ARHUM ERECTORS PRIVATE LIMITED,SAGAR PHARATE,SWH,,GI tee 1.1/4 Inc,18,,,
00019/25-26,Pegasus T3,,"VTP Pegasus T3
Kharadi, Pune
Maharashtra - 411014 
India",Insiya Trading,ARHUM ERECTORS PRIVATE LIMITED,,SWH,,GI Elbow 1.1/4 Inc,30,,,
00108/25-26,Pegasus T9,,"VTP Pegasus T9
Kharadi, Pune 411014 
Maharashtra - 411014 
India 
Maharashtra - 411014 
India",Insiya Trading,ARHUM ERECTORS PRIVATE LIMITED,SAGAR PHARATE,SWH,,SOLAR WATER HEATER 760/38,8,,,
00091/25-26,PINNACLE PROPERTIES (HORIZONS),,"GAT NO 94, NEAR SNBP SCHOOL DEHU- ALANDI ROAD CHIKHALI PUNE412114 
Maharashtra - 411017 
India",Insiya Trading,PINNACLE PROPERTIES,SAGAR PHARATE,SWH,,Airvent Support pipe set,18,,,
00021/24-25,PMAY Manaj Infra,,"12TH FLOOR  KRUSHAL COMMERCIAL COMPLEX,
G M ROAD, ABOVE SHOPPERS STOP, CHEMBUR WEST
Maharashtra  400089 
Pune, Maharashtra - 400089 
India",Insiya Trading,MANAJ INFRACONSTRUCTION LTD,SAGAR PHARATE,SWH,143889,Zoloto Brass Patti Valve 2 inch,26,,,
00032/25-26,Pristine Allure,9922794111,"Office 6, CTS 40B/41 2nd Floor 96 Suvarnarekha Boulevard
Prabhat Road Pune
Maharashtra  411004 
Pune, Maharashtra - 411004 
India",Insiya Trading,MAHALAXMI SHELTERS,SAGAR PHARATE,SWH,4359590,SOLAR WATER HEATER ,7800,,,
00159/25-26,Pristine Allure C,9922794111,"Pristine Allure C
 Sainath Nagar Vadgaon Sheri  Pune
 Maharashtra  411004 
Maharashtra - 411004 
India",Insiya Trading,MAHALAXMI SHELTERS,,SWH,,Unipro pipe 1.1/2 Inc,114,,,
00194/25-26,Pristine Allure D,9922794111,"Pristine Allure D
 Sainath Nagar Vadgaon Sheri  Pune
 Maharashtra  411004 
Maharashtra - 411004 
India",Insiya Trading,MAHALAXMI SHELTERS,SAGAR PHARATE,SWH,,Unipro pipe 1.1/2 Inc,110,,,
00284/25-26,Pristine Allure E,9922794111,"Pristine Allure E
 Sainath Nagar Vadgaon Sheri  Pune
 Maharashtra  411004 
Maharashtra - 411004 
India",Insiya Trading,MAHALAXMI SHELTERS,SAGAR PHARATE,SWH,,SOLAR WATER HEATER 650/38,8,,,
00012/24-25,Raju Shaikh - Plumber,9049097981,"Pune, Maharashtra 
India",Insiya Trading,Raju Shaikh - Plumber,,SWH,80000,SOLAR WATER HEATER ,4000,,,
00045/24-25,Ravi Jadhav,9614001010,"Katraj 
Pune, Maharashtra - 411046 
India",Insiya Trading,Ravi Jadhav,SAGAR PHARATE,SWH,23500,solar water Heater 300 lpd,1,,,
00044/24-25,ROSE DREAM DEVELOPERS,9970737709,"Shop No. 2 and 3 Ground Floor Sai Park
Opp. Jyotiba Mangal Karyalay Kalewadi
Maharashtra  411017 
Maharashtra - 411017 
India",Insiya Trading,ROSE DREAM DEVELOPERS,,SWH,18000,ETC TUBE SWH 58X2100MM,30,,,
00004/24-25,Sagar Farate,,"YEVAT TAL. DAUND, DIST- PUNE 412214 , Maharashtra 
India",Insiya Trading,Sagar Farate,SAGAR PHARATE,SWH,17000,Solar Water Heater 200LPD,1,,,
00074/25-26,Sai Signature A,8329004956,"SURVEY NO 6  
MAMURDI PUNE
Maharashtra  412101 
Pune, Maharashtra - 412101 
India",Insiya Trading,SHREE SAI CREATIVES,SAGAR PHARATE,SWH,2113591,SOLAR WATER HEATER ,24320,,,
00036/24-25,Satish B Rane,942394146,"Pimpalner Tal Sakri Dist Dhule Maharashtra 
Pune, Maharashtra 
India",Insiya Trading,Satish B Rane,SAGAR PHARATE,SWH,18000,Solar Water Heater 200LPD,1,,,
00009/24-25,Skyway Harmony,8237608189,"H NO 290  SHIV NAGAR, CHIRKE COLONY
VADAGAON SHINDE ROAD, NEAR GAJANAN MANGAL KARYALAY LOHAGAON
Maharashtra  411047 
Pune, Maharashtra - 411047 
India",Insiya Trading,PRANAM BUILDCON,SAGAR PHARATE,SWH,995792,SOLAR WATER HEATER ,9000,,,
00008/25-26,SOHAM DEVELOPERS,9511655463,"SOHAM SRUSHTI, MORYA COLONY, TATHAWADE, PUNE 411033 
Pune, Maharashtra 
India",Insiya Trading,SOHAM DEVELOPERS,SAGAR PHARATE,SWH,166656,SOLAR WATER HEATER ,2400,,,
00009/25-26,SOHAM SHIVAM DEVELOPERS,9511655463,"RAMAN STELLAR, MORYA COLONY, TATHAWADE, PUNE 411033 
Pune, Maharashtra 
India",Insiya Trading,SOHAM SHIVAM DEVELOPERS,SAGAR PHARATE,SWH,333312,SOLAR WATER HEATER ,4800,,,
00080/24-25,Soham Solar,,"C/o Ajay, Markal 
Pune, Maharashtra 
India",Insiya Trading,Soham Solar,,SWH,,SWH Tank 300/30,1,,,
00025/24-25,Sonigara Presidency C (DHANASHRI CONSTRUCTION),9370326805,"SHOP NO 11 B SONIGARA PARK TATHWADE ROAD
LAXMITARA DANGE CHOWK MULSHI
Maharashtra  411033 
Pune, Maharashtra - 411033 
India",Insiya Trading,DHANASHRI CONSTRUCTION,SAGAR PHARATE,SWH,1330560,SOLAR WATER HEATER 600 LPD,36,,,
00178/25-26,Sonigara Presidency D (DHANASHRI CONSTRUCTION),9370326805,"Sonigara Presidency D 
SHOP NO 11 B SONIGARA PARK TATHWADE ROAD
LAXMITARA DANGE CHOWK MULSHI
Maharashtra  411033 
Maharashtra - 411018 
India",Insiya Trading,DHANASHRI CONSTRUCTION,SAGAR PHARATE,SWH,,ETC TUBE SWH 58X2100MM,432,,,
00049/25-26,Sonigara Shloka,9561407276,"GAT NO 1598  
DEHU ALANDI ROAD PUNE
Maharashtra  412114 
Pune, Maharashtra - 412114 
India",Insiya Trading,R K ASSOCIATES,SAGAR PHARATE,SWH,1039500,SOLAR WATER HEATER ,3000,,,
00022/26-27,Sonigara Shloka E5,9561407276,"Sonigara Shloka E5
GAT NO 1598  
DEHU ALANDI ROAD PUNE
Maharashtra  412114 
Pune, Maharashtra - 412114 
India",Insiya Trading,R K ASSOCIATES,SAGAR PHARATE,SWH,,ETC TUBE SWH 58X2100MM,152,,,
00023/26-27,Sonigara Shloka E6,9561407276,"Sonigara Shloka E6
GAT NO 1598  
DEHU ALANDI ROAD PUNE
Maharashtra  412114 
Pune, Maharashtra - 412114 
India",Insiya Trading,R K ASSOCIATES,SAGAR PHARATE,SWH,,ETC TUBE SWH 58X2100MM,158,,,
00019/25-26,Star Vista,8180002002,"S.NO-99/21/1,CTS NO-7112  RAIEMAA ASSOCIATES
SHOP NO-01 PIMPRI
Maharashtra  411017 
Pune, Maharashtra - 411017 
India",Insiya Trading,ARKO REALTY,SAGAR PHARATE,SWH,1432800,SOLAR WATER HEATER ,15000,,,
00291/25-26,sun and sand hotel,,"juhu beach mumbai  
Pune, Maharashtra 
India",Insiya Trading,sun and sand hotel,,SWH,,GI double nipple 1.1/4 Inc,4,,,
00137/25-26,Sunil Dhawale,,"Yashwant Nagar, Kharadi, Pune 411014 
Pune, Maharashtra - 411014 
India",Insiya Trading,Sunil Dhawale,SAGAR PHARATE,SWH,,HM Solar Electric Heater 3kw 1.25 inch,1,,,
00053/25-26,Sunil Jaywant Walhekar,9922644004,"Yavat Taluka Daund District Pune Yavat Station Dudhane Chowk 
Pune, Maharashtra 
India",Insiya Trading,Sunil Jaywant Walhekar,SAGAR PHARATE,SWH,0,SOLAR WATER HEATER ,1,,,
00023/25-26,SURENDRA NAMDEO PATIL,98344 21084,"Shop No. 3 , 4  Symphony C
Range Hills Road Pune
Maharashtra  411007 
Maharashtra - 411007 
India",Insiya Trading,SURENDRA NAMDEO PATIL,SAGAR PHARATE,SWH,119580,SOLAR WATER HEATER ,1200,,,
00011/24-25,THE TREE HINJEWADI PH - 3,93072 74716,"74/8 Walekharwadi GROUND FLOOR Rajanigandha Society
Krantivir Chapekar Marg Pimpri Chinchwad
Maharashtra  411033 
Pune, Maharashtra - 411033 
India",Insiya Trading,SUKRITHAM HOSPITALITY PRIVATE LIMITED,SUNIL MANE,SWH,285504,solar water heater 750lpd with 38 holes,4,,,
00032/24-25,TRIMURTI DEVELOPERS,9130733843,"SR NO.51/2/2  HARI OM SMRUTI ,OPP-PANDIT AUTO PETROL PUMP
DANGE CHOWK,HINJEWADI ROAD, TATHWADE PUNE
Maharashtra  411033 
Maharashtra - 411033 
India",Insiya Trading,TRIMURTI DEVELOPERS,SAGAR PHARATE,SWH,33600,SOLAR WATER HEATER ,2,,,
00016/24-25,TROPICA,,"TROPICA
S. No 56/57/58 Dada Saheb Sahasrabudhe Path, Pune Mumbai Bypass,Near Sameer Lawns, Ravet, Pune-412101. 
Maharashtra - 411009 
India",Insiya Trading,TROPICA,SAGAR PHARATE,SWH,,Unipro Mtc 1 Inc,40,,,
00090/25-26,Valencia B1 CO-OP HSG SOC,9373191021,"Sadesatra nali hadapsar pune 
Pune, Maharashtra 
India",Insiya Trading,Valencia B1 CO-OP HSG SOC,SAGAR PHARATE,SWH,63735,SOLAR WATER HEATER 550 LPD 34 HOLE,1,,,
00019/24-25,Vantage 21 A,,"J4 OFFICE NO. 301 GROUND FLOOR ROSE ICON
PIMPLE SAUDAGAR Pimpri Chinchwad
Maharashtra  411027 
Maharashtra - 411027 
India",Insiya Trading,VIVANTA REALTY,SAGAR PHARATE,SWH,,ETC TUBE SWH 58X2100MM,912,,,
00010/24-25,Vighnaharta Hospital,9096244148,"Shirur-Chaufula Road , Opposite HP Petrol Pump,
Nhavare 
Pune, Maharashtra - 412211 
India",Insiya Trading,Vighnaharta Hospital,SUNIL MANE,SWH,45540,SOLAR WATER HEATER 700 LPD,1,,,
00004/25-26,vikram jawalkar,9922404518,"Shikrapur pune 
Pune, Maharashtra 
India",Insiya Trading,vikram jawalkar,SAGAR PHARATE,SWH,1,solar water Heater 300 lpd,1,,,
00199/25-26,VTP HI-LIFE MHADA,,"VTP HI-LIFE MHADA
Near Dange Chouk Pimpari Chinchwad
Maharashtra   
Maharashtra - 411014 
India",Insiya Trading,RISING WELWORTH ENTERPRISES LLP,SAGAR PHARATE,SWH,,GI airvent pipe 1/2inch x 5ft,21,,,
00278/25-26,Yashada Epic C D & E,,"OFFICE NO. 301, J4 BUILDING GROUND ROSE ICON
PIMPLE SAUDAGAR Pimpri Chinchwad
Maharashtra  411027 
Maharashtra - 411027 
India",Insiya Trading,YASHADA WORLD,,SWH,,SILICON RING 58MM,100,,,
00035/24-25,Yashada Supreme E,,DUDULGAON PHASE 1 MOSHI PUNE 412105 Pune Maharashtra ,Insiya Trading,YASHADA HOLDINGS,SAGAR PHARATE,SWH,,SOLAR WATER HEATER 650/34,1,,,
00005/24-25,Yashada Supreme F,,"OFFICE NO. 301, J4 BUILDING GROUND FLOOR ROSE ICON
PIMPLE SAUDAGAR Pimpri Chinchwad
Maharashtra  411027 
Maharashtra - 411027 
India",Insiya Trading,YASHADA HOLDINGS,SAGAR PHARATE,SWH,,GI tee 1.1/4 Inc,16,,,
00029/24-25,YASHADA SUPREME I,,"OFFICE NO. 301, J4 BUILDING GROUND FLOOR ROSE ICON
PIMPLE SAUDAGAR Pimpri Chinchwad
Maharashtra  411027 
Maharashtra - 411027 
India",Insiya Trading,YASHADA HOLDINGS,SAGAR PHARATE,SWH,,Nut bolt M8x20mm,1320,,,
00032/24-25,YASHADA SUPREME J,,"OFFICE NO. 301, J4 BUILDING GROUND FLOOR ROSE ICON
PIMPLE SAUDAGAR Pimpri Chinchwad
Maharashtra  411027 
Maharashtra - 411027 
India",Insiya Trading,YASHADA HOLDINGS,SAGAR PHARATE,SWH,,Swh TRB,12,,,
00249/25-26,Yashwin Orizzonate A,,"Yashwin Orizzonate A
Kharadi, Pune 
Maharashtra - 411014 
India",Insiya Trading,VILAS JAVDEKAR GREENSCAPE DEVELOPERS LLP,SAGAR PHARATE,SWH,,32mm AIRA MAKE ISD MODEL 2/2 WAY PILOT OPERATED SS 304 BODY DIAPHRAGM TYPE SOLENOID VALVE S/E N/C 230 V AC Weather proof 1.1/4 inch,8,,,
00250/25-26,Yashwin Orizzonate B,,"Yashwin Orizzonate B
Kharadi, Pune 
Maharashtra - 411014 
India",Insiya Trading,VILAS JAVDEKAR GREENSCAPE DEVELOPERS LLP,SAGAR PHARATE,SWH,,32mm AIRA MAKE ISD MODEL 2/2 WAY PILOT OPERATED SS 304 BODY DIAPHRAGM TYPE SOLENOID VALVE S/E N/C 230 V AC Weather proof 1.1/4 inch,7,,,
00251/25-26,Yashwin Orizzonate Mhada,,"Yashwin Orizzonate Mhada
Kharadi, Pune 
Maharashtra - 411014 
India",Insiya Trading,VILAS JAVDEKAR GREENSCAPE DEVELOPERS LLP,SAGAR PHARATE,SWH,,32mm AIRA MAKE ISD MODEL 2/2 WAY PILOT OPERATED SS 304 BODY DIAPHRAGM TYPE SOLENOID VALVE S/E N/C 230 V AC Weather proof 1.1/4 inch,4,,,
00036/24-25,YASHWIN ORIZZONTE C,,"YASHWIN ORIZZONTE C
67/2,67/5/1,67/5/2
At Kharadi Pune
411014 
Pune City, Maharashtra - 411014 
India Pune Maharashtra 411014",Insiya Trading,VILAS JAVDEKAR GREENSCAPE DEVELOPERS LLP,SAGAR PHARATE,SWH,,SOLAR WATER HEATER 760/38,8,,,
00039/24-25,YASHWIN ORIZZONTE D,,"67/2,67/5/1,67/5/2
At Kharadi Pune
411014 
Pune City, Maharashtra - 411014 
India Pune Maharashtra ",Insiya Trading,VILAS JAVDEKAR GREENSCAPE DEVELOPERS LLP,,SWH,,SOLAR WATER HEATER 760/38,8,,,
00065/25-26,YASHWIN ORIZZONTE D Bldg,,"YASHWIN ORIZZONTE D
67/2,67/5/1,67/5/2
At Kharadi Pune
411014 
Maharashtra - 411057 
India",Insiya Trading,SANKALP CONTRACTS PRIVATE LIMITED,,SWH,,KITEC PIPE 1.1/4 Inc,200,,,
00219/24-25,YASHWIN SUPERNOVA - B,,"YASHWIN SUPERNOVA - B
S. No 111/1/1 at Wakad Mulashi, Pune Mah,India,Pin code 411057",Insiya Trading,SANKALP CONTRACTS PRIVATE LIMITED,,SWH,,solar water heater 750lpd with 38 holes,8,,,
